{"name":"b76f127f-f199-478a-abce-cbb78c398889","id":"/providers/Microsoft.Flow/flows/b76f127f-f199-478a-abce-cbb78c398889","type":"Microsoft.Flow/flows","properties":{"apiId":"/providers/Microsoft.PowerApps/apis/shared_logicflows","displayName":"Email task reminder","definition":{"metadata":{"workflowEntityId":null,"processAdvisorMetadata":null,"flowChargedByPaygo":null,"flowclientsuspensionreason":"None","flowclientsuspensiontime":null,"flowclientsuspensionreasondetails":null,"creator":{"id":"bd0d09c3-b79b-46a6-96fa-a8838c74f8af","type":"User","tenantId":"86fa9b45-7aa3-4070-8a54-edcef436bd44"},"provisioningMethod":"FromDefinition","failureAlertSubscription":true,"clientLastModifiedTime":"2023-07-18T19:32:56.4055363Z"},"$schema":"https://schema.management.azure.com/providers/Microsoft.Logic/schemas/2016-06-01/workflowdefinition.json#","contentVersion":"1.0.0.0","parameters":{"$connections":{"defaultValue":{},"type":"Object"},"$authentication":{"defaultValue":{},"type":"SecureObject"}},"triggers":{"Recurrence":{"recurrence":{"frequency":"Day","interval":1,"startTime":"2023-07-18T20:00:00.000Z"},"metadata":{"operationMetadataId":"0dc08707-a9be-4626-9a9e-a338523a5dcf"},"type":"Recurrence"}},"actions":{"List_rows_present_in_a_table":{"runAfter":{},"metadata":{"01TCH7K62HDKBGY4Q76FF26FARS6ZKKMVU":"/ExceltoOutlookNotifications.xlsx","operationMetadataId":"dc46ad71-30b4-423d-a487-b69b1aff81fb"},"type":"OpenApiConnection","inputs":{"host":{"apiId":"/providers/Microsoft.PowerApps/apis/shared_excelonlinebusiness","connectionName":"shared_excelonlinebusiness","operationId":"GetItems"},"parameters":{"source":"me","drive":"b!5tcgwBBZr0yXutdMjDYlDEyP-aMg2VZOo4JOKpvoutoZz132TaaYQKS26z69X_FO","file":"01TCH7K62HDKBGY4Q76FF26FARS6ZKKMVU","table":"{983CF1B1-A2A5-4E36-9531-56F6C8007EE0}","$filter":"ReminderDate eq '@{formatDateTime(convertFromUtc(utcNow(),'Central Standard Time'),'yyy-MM-dd')}'","dateTimeFormat":"ISO 8601"},"authentication":"@parameters('$authentication')"}},"Select":{"runAfter":{"List_rows_present_in_a_table":["Succeeded"]},"metadata":{"operationMetadataId":"77b05949-8aa2-4c08-9869-479f835a6cdd"},"type":"Select","inputs":{"from":"@outputs('List_rows_present_in_a_table')?['body/value']","select":"@item()?['Email']"}},"Compose":{"runAfter":{"Select":["Succeeded"]},"metadata":{"operationMetadataId":"3035ffae-32ae-45b2-b272-270c62d0c923"},"type":"Compose","inputs":"@union(body('Select'),body('Select'))"},"Apply_to_each":{"foreach":"@outputs('Compose')","actions":{"Filter_array":{"runAfter":{},"metadata":{"operationMetadataId":"6d47d0bb-7983-42b5-8949-349e05f605de"},"type":"Query","inputs":{"from":"@outputs('List_rows_present_in_a_table')?['body/value']","where":"@equals(item()?['Email'], items('Apply_to_each'))"}},"Create_HTML_table":{"runAfter":{"Filter_array":["Succeeded"]},"metadata":{"operationMetadataId":"ccfdb9f2-d833-4866-832c-146fb08cbf6f"},"type":"Table","inputs":{"from":"@body('Filter_array')","format":"HTML","columns":[{"header":"DueDate","value":"@formatDateTime(item()['Due Date'],'MM d, yyyy')"},{"header":"Task","value":"@item()['Task']"}]}},"Send_an_email_(V2)":{"runAfter":{"Create_HTML_table":["Succeeded"]},"metadata":{"operationMetadataId":"1c300365-370b-49a1-841f-aa5b39f02a33"},"type":"OpenApiConnection","inputs":{"host":{"apiId":"/providers/Microsoft.PowerApps/apis/shared_office365","connectionName":"shared_office365","operationId":"SendEmailV2"},"parameters":{"emailMessage/To":"@items('Apply_to_each')","emailMessage/Subject":"Task event Due","emailMessage/Body":"<p>This is a gentel reminder for upcoming task -<br>\n<span style=\"font-size: 16px\"><strong>please ingnore this is a test emal.</strong></span><br>\n<br>\n@{body('Create_HTML_table')}</p>","emailMessage/Cc":"ajanik-kelly@RRC.CA","emailMessage/Importance":"Normal"},"authentication":"@parameters('$authentication')"}}},"runAfter":{"Compose":["Succeeded"]},"metadata":{"operationMetadataId":"15859e0f-f6a2-4458-92ef-96f0d0f97384"},"type":"Foreach"}}},"connectionReferences":{"shared_excelonlinebusiness":{"connectionName":"shared-excelonlinebu-d4702799-a3e1-4a5a-8a8a-8df8bb966b4f","source":"Embedded","id":"/providers/Microsoft.PowerApps/apis/shared_excelonlinebusiness","tier":"NotSpecified"},"shared_office365":{"connectionName":"shared-office365-0ddd022d-da08-459e-bb8b-9411e13744e1","source":"Embedded","id":"/providers/Microsoft.PowerApps/apis/shared_office365","tier":"NotSpecified"}},"flowFailureAlertSubscribed":false,"isManaged":false}}